<?xml version="1.0" encoding="utf-8"?>
<selector xmlns:android="http://schemas.android.com/apk/res/android">
    <item android:state_pressed="true">
        <shape android:shape="rectangle">
            <corners android:topLeftRadius="0dp"
                android:topRightRadius="0dp"
                android:bottomRightRadius="0dp"
                android:bottomLeftRadius="0dp"/>
            <solid android:color="#4169E1"/>
        </shape>
    </item>
    <item android:state_focused="true">
        <shape android:shape="rectangle">
            <corners android:topLeftRadius="0dp"
                android:topRightRadius="0dp"
                android:bottomRightRadius="0dp"
                android:bottomLeftRadius="0dp"/>
            <solid android:color="#436EEE"/>
        </shape>
    </item>
    <item>
        <shape android:shape="rectangle">
            <corners android:topLeftRadius="0dp"
                android:topRightRadius="0dp"
                android:bottomRightRadius="0dp"
                android:bottomLeftRadius="0dp"/>
            <solid android:color="#436EEE"/>
        </shape>
    </item>
</selector>
